SKU,Product Name,Price,MRP,Discount,Star Rating,Size,Net Quantity,Key Features,Image URL
FHCVI5SWHT48,Epic Voice BLDC+ Ceiling Fan,₹ 4 709.00,₹ 7 520.00,Not Available,95%,1200 mm (Elegant White),1 N,"Direct Voice command with no need of Wifi/Bluetooth or Smartphone; Just Say "" HELLO HAVELLS"" to operate the fan | 5-Star Rated BLDC fan delivering powerful airflow, uses 65 % less electricity than conventional fans, saves up to ‚¹ 1900* annually. | Sleek design with quiet performance. Modern finish & refined details make it a perfect fit for stylish & contemporary spaces | Boost, Breeze, Sleep, MOP, Timer Modes with Reverse rotation Feature | Peak Speed of 380 RPM with 7.5 Service value | Aluminium Rust free Blades | Peak Air Delivery of 235 m³/min | Epic Voice BLDC+ Direct Voice command | ",https://havells.com/media/catalog/product/cache/844a913d283fe95e56e39582c5f2767b/h/a/havells_epic_odv_pro_voice-white.jpg
FHCPP5SGRY48,Epic Pro BLDC+ Ceiling Fan,₹ 3 769.00,₹ 6 010.00,Not Available,80%,1200 mm (Grey),1 N,BLDC Motor | ISI Marked | 100 % Copper wire motor | 5 Star Rated | ,https://havells.com/media/catalog/product/cache/844a913d283fe95e56e39582c5f2767b/f/h/fhcpp5sgry48_1_1.jpg
FHCE15SGRY48M,Elio BLDC+ Ceiling Fan,₹ 3 919.00,₹ 7 060.00,Not Available,100%,1200 mm (Grey),1 N,"Specifications : 100 % Copper, BLDC, RF Remote, Sleek & Minimalistic Design | Modes : Boost Mode, Sleep Mode, MOP Mode, Breeze Mode | Sleek & Minimalistic Design with Telescopic Canopy : Elio embodies sophistication with its sleek & minimalistic design, seamlessly blending style with functionality for timeless aesthetics. | Motor Type : BLDC | Guarantee : 2 Year | ",https://havells.com/media/catalog/product/cache/844a913d283fe95e56e39582c5f2767b/f/h/fhce15sgry48_5_star_1.jpg
FHCPI5SMBL48,Epic BLDC Ceiling Fan,₹ 3 639.00,₹ 5 810.00,Not Available,100%,1200 mm (Matt Black),1 N,BLDC Motor | ISI Marked | 100 % Copper wire motor | 5 Star Rated | ,https://havells.com/media/catalog/product/cache/844a913d283fe95e56e39582c5f2767b/f/h/fhcpi5smbl48_main.jpg
FHCOB5SGMW48E,Ambrose BLDC Ceiling Fan,₹ 4 659.00,₹ 7 430.00,Not Available,100%,1200 mm (Gold Mist Wood),1 N,Guarantee : 2 Year | ,https://havells.com/media/catalog/product/cache/844a913d283fe95e56e39582c5f2767b/f/h/fhcob5sgmw48e.jpg
FHCPS5SMBL48,Epic Signia BLDC+ Ceiling Fan,₹ 4 139.00,₹ 6 600.00,Not Available,100%,1200 mm (Matt Black),1 N,100 % Copper wire motor | LED display for fan speed and modes indication | Sleek and Minimalistic design | BLDC Motor | ISI Marked | 5 Star Rated | ,https://havells.com/media/catalog/product/cache/844a913d283fe95e56e39582c5f2767b/f/h/fhcps5smbl48_1_.jpg
FHCUE5SMBL48,Epic Underlight BLDC+ Ceiling Fan,₹ 4 539.00,₹ 7 250.00,Not Available,95%,1200 mm (Matt Black),1 N,"Sleek design with quiet performance. Modern finish & refined details make it a perfect fit for stylish & contemporary spaces | 5-Star Rated BLDC fan delivering powerful airflow, uses 65 % less electricity than conventional fans, saves up to ‚¹ 1900* annually. | 30 W Rated Power consumption, while delivering 235 m³/min Air Delivery, 380 RPM peak performance | Boost, Breeze, Sleep, MOP, Timer Modes with Reverse rotation Feature | Peak Speed of 380 RPM with 7.5 Service value | Aluminium Rust free Blades | Peak Air Delivery of 235 m³/min | Epic UL BLDC+ Sleek Design with LED Underlight | ",https://havells.com/media/catalog/product/cache/844a913d283fe95e56e39582c5f2767b/e/p/epic_ul_black_cf.jpg
FHCIP5SDUB48,Elio Plus BLDC+ Ceiling Fan,₹ 4 389.00,₹ 7 100.00,Not Available,95%,1200 mm (Metallic Dusk),1 N,"No need to by-pass regulator: fan operates both on Remote as well as Step Regulator. | 5-Star Rated BLDC fan delivering powerful airflow, uses 65 % less electricity than conventional fans, saves up to ‚¹ 1900* annually. | Sleek design with quiet performance. Modern finish & refined details make it a perfect fit for stylish & contemporary spaces | Boost, Breeze, Sleep, MOP, Timer Modes with Reverse rotation Feature | Telescopic Height Adjustment | Aluminium Rust free Blades | Peak Air Delivery of 225 m³/min | Elio Plus BLDC+ Remote + Regulator Functionality | ",https://havells.com/media/catalog/product/cache/844a913d283fe95e56e39582c5f2767b/f/h/fhcip5sdub48.jpg
FHCE15SWMB48,Elio Prime BLDC+ Ceiling Fan,4 499.00,8 930.00,Not Available,80%,1200 mm (Walnut Wood),1 N,"Sleek design with quiet performance. Modern finish & refined details make it a perfect fit for stylish & contemporary spaces | 5-Star Rated BLDC fan delivering powerful airflow, uses 65 % less electricity than conventional fans, saves up to ‚¹ 1900* annually. | 28 W Rated Power consumption, while delivering 235 m³/min Air Delivery, 380 RPM peak performance | Boost, Breeze, Sleep, MOP, Timer Modes with Reverse rotation Feature | Telescopic Height Adjustment | Aluminium Rust free Blades | Peak Air Delivery of 235 m³/min | Elio Prime Walnut BLDC+ with telescopic Canopy | ",https://havells.com/media/catalog/product/cache/844a913d283fe95e56e39582c5f2767b/f/h/fhce15swmb48.jpg
FHCIL5SSAB48,Inveno LX BLDC+ Ceiling Fan,8 519.00,13 590.00,Not Available,95%,1200 mm (Satin Brown),1 N,"Unique Phantom motor design for Whisper Quiet Silence level of 55* dB with only 37 W Power consumption | 5-Star Rated BLDC fan delivering powerful airflow, uses 50 % less electricity than conventional fans, saves up to ‚¹ 1900* annually. | BLDC motor with Remote functionality ( by pass regulator) with multiple modes and reverse rotation | Breeze, Sleep, MOP, Timer Modes with Reverse rotation Feature | Telescopic Height Adjustment | ABS Plastic blades | Superior Air Delivery of 230 m³/min | Inveno LX BLDC+ with Phantom Motor Design in ABS Blade | ",https://havells.com/media/catalog/product/cache/844a913d283fe95e56e39582c5f2767b/f/h/fhcil5ssab48.jpg
FHCWH5SSBW52,Florette All Weather BLDC+ Ceiling Fan,15 539.00,24 780.00,Not Available,95%,1320 mm (Pinewood/Walnut Wood),1 N,"True All weather functionality with 700 W PTC heater - NO oxygen burnout - Increases room temperature by 6° in peak winters | 5-Star Rated BLDC fan delivering powerful airflow, uses 50 % less electricity than conventional fans, saves up to ‚¹ 1900* annually. | Premium Wood blades with both side usability with whisper quiet Silence level perfromance | Breeze, Sleep, MOP, Timer Modes with Reverse rotation Feature | Downrod cover | Reversible Wood blades | Superior Air Delivery of 245 m³/min | FLORETTE All Weather BLDC Undelight fan with 700 W PTC heater | ",https://havells.com/media/catalog/product/cache/844a913d283fe95e56e39582c5f2767b/f/h/fhcwh5ssbw52.jpg
FHCCT5SCPG48,Cera Underlight BLDC+ Ceiling Fan,5 839.00,9 320.00,Not Available,100%,1200 mm (Champagne),1 N,"Telescopic canopy to adjust ceiling height | Reverse Rotation for circulating warm air during winter | Balanced & smart design that provides easy cleaning. | 100 % Copper wire motor | BLDC Motor | ISI Marked | All Direction Sensing RF Remote with Breeze, Sleep, Boost , Mop, Reverse modes along with Timer setting upto 8 hours | ",https://havells.com/media/catalog/product/cache/844a913d283fe95e56e39582c5f2767b/h/a/havells_cera_champange_cf_main.jpg
FHCVC5SPWT48,Stealth Air BLDC+ Voice Ceiling Fan,8 219.00,13 430.00,Not Available,95%,1200 mm (Pearl White),1 N,"Unique Feature : Direct Voice Controlled BLDC Fan which functions without Internet, Wi-Fi, Smart Phone or Bluetooth. | Remote Control : RF pebble remote control with all direction sensing. | Motor : Energy efficient BLDC motor with 100 % copper. | Wake Up Command - 'Hello Havells' Command List :
Switch ON - Hello Havells switch ON
One Speed - Hello Havells one speed
Two Speed - Hello Havells two speed
Three Speed - Hello Havells three speed
Four Speed - Hello Havells four speed
Five Speed - Hello Havells five speed
Switch OFF - Hello Havells switch OFF | Guarantee : 2 Year | ",https://havells.com/media/catalog/product/cache/844a913d283fe95e56e39582c5f2767b/s/t/stealth_air_voice_white.jpg
FHCAYSTSIA56,Amaya BLDC+ Ceiling Fan,13 489.00,21 520.00,Not Available,100%,1400 mm (Silver Ash),1 N,"Less Power Consumption : ECO Active BLDC technology motor for 60 % less power consumption than ordinary fans. | 5 Star Fan : 5 Star rated fan from Bureau of energy efficiency with energy efficient BLDC motor. | Air Delivery : Compound ABS blades for high strength, silent operation and better air delivery. | Dust Resistance : Premium PU paint finished blades. | Remote Control : RF type Remote control operation for all direction sensing. | ",https://havells.com/media/catalog/product/cache/844a913d283fe95e56e39582c5f2767b/f/h/fhcaystsia56_5_star.jpg
FHCQA1SSBW48,Quickair Decorative Ceiling Fan,2 909.00,4 640.00,Not Available,60%,1200 mm (Brown),1 N,Induction Motor | ISI Marked | 100 % Copper wire motor | 1 Star Rated | Color : Smoked Brown | Wattage : 56 W | Guarantee : 2 Year | Star Rating : 1 Star | ,https://havells.com/media/catalog/product/cache/844a913d283fe95e56e39582c5f2767b/q/_/q_smoke_brown_1_2.jpg
FHCMO5SSBN48,Momenta Underlight IOT BLDC+ Ceiling Fan,15 469.00,30 090.00,Not Available,80%,1200 mm (Smoke Brown Pine Wood),1 N,BLDC Motor | ISI Marked | 100 % Copper wire motor | 5 Star Rated | ,https://havells.com/media/catalog/product/cache/844a913d283fe95e56e39582c5f2767b/f/h/fhcmo5ssbn48_main.jpg
FHCFVSTSBW52,Florette BLDC+ Ceiling Fan,11 299.00,18 020.00,Not Available,100%,1320 mm (Smoke Brown Wood),1 N,Unique 4 blade design | RF remote control for all direction sensing | Low Noise | Motor Type : BLDC | Guarantee : 2 Year | ,https://havells.com/media/catalog/product/cache/844a913d283fe95e56e39582c5f2767b/f/h/fhcfvstsbw52_remote.jpg
FHCLA5SSBW52,Florette Underlight Smart BLDC+ Ceiling Fan,14 569.00,23 230.00,Not Available,80%,1320 mm (Smoke Brown Wood),1 N,BLDC Motor | ISI Marked | 100 % Copper wire motor | 5 Star Rated | Smart Sense | ,https://havells.com/media/catalog/product/cache/844a913d283fe95e56e39582c5f2767b/f/h/fhcla5ssbw52_1_1.jpg
FHCID5SMEG48,Inox Under Light BLDC+ Ceiling Fan,9 619.00,19 710.00,Not Available,100%,1200 mm (Slate Chrome),1 N,RF remote control for all direction sensing | Underlight with Colour changing tech | ABS ribbed blades for high strength | Guarantee : 2 Year | Dust resistance Lacquering | IOT Enable | ,https://havells.com/media/catalog/product/cache/844a913d283fe95e56e39582c5f2767b/f/h/fhcid5smeg48_remote.jpg
FHCCB5SPLC48,Crista BLDC+ Ceiling Fan,9 789.00,15 610.00,Not Available,100%,1200 mm (Pearl White),1 N,Dust Resistant coating on the blades | 100 % Copper Wire Winding Motor | Dust Resistant Lacquering | Motor Type : BLDC | Guarantee : 2 Year | Star Rating : 5 Star | ,https://havells.com/media/catalog/product/cache/844a913d283fe95e56e39582c5f2767b/f/h/fhccb5splc48_1.jpg
FHCESISBRN48,ES Plus Regular Ceiling Fan,2 449.00,4 430.00,Not Available,60%,1200 mm (Brown),1 N,Induction Motor | ISI Marked | 100 % Copper wire motor | 2 Star Rated | Guarantee : 2 Year | ,https://havells.com/media/catalog/product/cache/844a913d283fe95e56e39582c5f2767b/f/h/fhcesisbrn48_1.jpg
FHCBI5SMDS48,Stealth Prime BLDC+ Ceiling Fan,7 789.00,12 740.00,Not Available,100%,1200 mm (Marble Dusk),1 N,Air Delivery : Aerodynamic blades for more air delivery at lesser noise. | Low Power Consumption : Eco BLDC technology motor for less power consumption. | 5 Star Fan : 5 star rated fan from bureau of energy efficiency with energy efficient BLDC motor. | Remote Control : RF type remote control operation for all direction sensing. | ,https://havells.com/media/catalog/product/cache/844a913d283fe95e56e39582c5f2767b/f/h/fhcbi5smds48_5_star.jpg
FHCBG5SWPW48,Stealth Neo BLDC+ Ceiling Fan,7 789.00,12 740.00,Not Available,60%,1200 mm (Wood Pearl White),1 N,Air Delivery : Aerodynamic blades for more air delivery at lesser noise. | Low Power Consumption : Eco BLDC technology motor for less power consumption. | 5 Star Fan : 5 star rated fan from bureau of energy efficiency with energy efficient BLDC motor. | Remote Control : RF type remote control operation for all direction sensing. | ,https://havells.com/media/catalog/product/cache/844a913d283fe95e56e39582c5f2767b/f/h/fhcbg5swpw48_5_star.jpg
FHCBHSTPWT48,Stealth Air BLDC+ Ceiling Fan,7 679.00,12 560.00,Not Available,60%,1200 mm (Pearl White),1 N,Silent Premium Fan : Premium silent fan with energy efficient BLDC motor and remote control | Aerodynamic Blades : Aerodynamically designed blades made of compounded ABS to gives less air friction for silent operation and very high strength to avoid deformation | 5 Star Rated Fan : Rated 5 star by Bureau of energy efficiency with service value of 6.12 | Remote Control : RF technology remote for long range and multi-directional usage | Consumes approx. 50 % less power than ordinary Fan | Dust resistance coating on blades for easy cleaning along with metallic paint finish. | Applicable For Free installation : Get your Havells fan installed by authorised Havells Service personnels. Connect with Havells Customer Support on 08045771313 for free installation. | ,https://havells.com/media/catalog/product/cache/844a913d283fe95e56e39582c5f2767b/f/h/fhcbhstpwt48_5_star.jpg
FHCEX5SBRN48,Efficiencia Neo Plus BLDC Ceiling Fan,2 823.00,5 420.00,Not Available,80%,1200 mm (Brown),1 N,BLDC Motor | ISI Marked | 100 % Copper wire motor | 5 Star Rated | ,https://havells.com/media/catalog/product/cache/844a913d283fe95e56e39582c5f2767b/e/f/efficiencia_neo_plus_bldc_ceiling_fan.jpg
FHCEO5SBRN36,Efficiencia DX BLDC Ceiling Fan,4 009.00,6 390.00,Not Available,80%,900 mm (Brown),1 N,BLDC Motor | ISI Marked | 100 % Copper wire motor | 5 Star Rated | ,https://havells.com/media/catalog/product/cache/844a913d283fe95e56e39582c5f2767b/f/h/fhceo5sbrn_1_2.jpg
FHCBH5SPWT36P,Stealth Air BLDC+ Ceiling Fan,7 609.00,12 130.00,Not Available,95%,900 mm (Pearl White),1 N,"The most silent BLDC fan with Premium Look and Finish with only 52 dB* whisper quiet Silence level and 245 m³/min Air Delivery | 5-Star Rated BLDC fan delivering powerful airflow, uses 50 % less electricity than conventional fans, saves up to ‚¹ 1900* annually. | Regulator Compatible with maximum Energy Saving via BLDC motor technology | 40 W Power Consumption in peak speed | Downrod cover | ABS Plastic blades | Superior Air Delivery of 245 m³/min | Stealth AIR BLDC+ with Regulator Compatibility | ",https://havells.com/media/catalog/product/cache/844a913d283fe95e56e39582c5f2767b/s/t/stealth_air_bldc.jpg
FHCPE5SBCC48,Enticer Prime BLDC+ Ceiling Fan,4 829.00,7 700.00,Not Available,100%,1200 mm (Bronze Copper Cola Chrome),1 N,BLDC Motor | ISI Marked | 100 % Copper wire motor | 5 Star Rated | ,https://havells.com/media/catalog/product/cache/844a913d283fe95e56e39582c5f2767b/b/r/bronze_copper_cola_chrome_1_.jpg
FHCE35SPWC48C,Elio Underlight BLDC+ Ceiling Fan,7 549.00,12 400.00,Not Available,80%,1200 mm (Pearl White Champagne),1 N,BLDC Motor | ISI Marked | 100 % Copper wire motor | 5 Star Rated | ,https://havells.com/media/catalog/product/cache/844a913d283fe95e56e39582c5f2767b/f/h/fhce35spwc48c.jpg
FHCLL5SSBW52,Albus Underlight Smart BLDC+ Ceiling Fan,14 569.00,23 230.00,Not Available,60%,1320 mm (Smoke Brown Wood),1 N,BLDC Motor | ISI Marked | 100 % Copper wire motor | 5 Star Rated | Smart Sense | ,https://havells.com/media/catalog/product/cache/844a913d283fe95e56e39582c5f2767b/f/h/fhcll5ssbw52_1_1.jpg
FHCBHE5PWT48P,Stealth Air BLDC+ Ceiling Fan,7 609.00,12 130.00,Not Available,95%,1200 mm (Pearl White),1 N,"The most silent BLDC fan with Premium Look and Finish with only 52 dB* whisper quiet Silence level and 245 m³/min Air Delivery | 5-Star Rated BLDC fan delivering powerful airflow, uses 50 % less electricity than conventional fans, saves up to 1900* annually. | Regulator Compatible with maximum Energy Saving via BLDC motor technology | 40 W Power Consumption in peak speed | Downrod Cover | ABS Plastic Blades | Superior Air Delivery of 245 m³/min | Stealth AIR BLDC+ with Regulator Compatibility | ",https://havells.com/media/catalog/product/cache/844a913d283fe95e56e39582c5f2767b/f/h/fhcbhe5pwt48p.jpg
FHCYB5SDLC48,Trinity BLDC+ Ceiling Fan,6 189.00,9 880.00,Not Available,80%,1200 mm (Dusk LT Copper),1 N,Dust Resistant Lacquering | 100 % Copper Wire Winding Motor | Motor Type : BLDC | Guarantee : 2 Year | Star Rating : 5 Star | ,https://havells.com/media/catalog/product/cache/844a913d283fe95e56e39582c5f2767b/f/h/fhcyb5sdlc48_1__1_1.jpg
FHCAM1SCHM48E,Ambrose ES Decorative Ceiling Fans,3 099.00,4 940.00,Not Available,80%,1200 mm (Chrome),1 N,Induction Motor | ISI Marked | 100 % Copper wire motor | 1 Star Rated | ,https://havells.com/media/catalog/product/cache/844a913d283fe95e56e39582c5f2767b/f/h/fhcam1schm48e_1.jpg
FHCCG5SPLC48,Crista Under Light Ceiling Fan,14 139.00,22 550.00,Not Available,60%,1200 mm (Pearl White),1 N,Low Noise | 100 % Copper Wire Winding Motor | BLDC Inverter Technology | Guarantee : 2 Year | Dust resistance Lacquering | IOT Enable | ,https://havells.com/media/catalog/product/cache/844a913d283fe95e56e39582c5f2767b/f/h/fhccg5splc48_remote.jpg
FHCTF1SPWT36,Stealth Air ES Premium Ceiling Fan 1 Star,8 229.00,13 120.00,Not Available,100%,900 mm (Pearl White),1 N,Induction Motor | ISI Marked | 100 % Copper wire motor | 1 Star Rated | Guarantee : 2 Year | ,https://havells.com/media/catalog/product/cache/844a913d283fe95e56e39582c5f2767b/m/a/main_2__2.jpg
FHCEN1SPWH56,Enticer ES Decorative Ceiling Fan,3 479.00,6 340.00,Not Available,80%,1400 mm (Pearl White Chrome),1 N,"Design : Decorative model | Air Delivery & RPM : 250 m³/min Air delivery, 290 Revolution per minute | Color : Pearl White Chrome | Guarantee : 2 Year | Star Rating : 1 Star | ",https://havells.com/media/catalog/product/cache/844a913d283fe95e56e39582c5f2767b/f/h/fhcen1spwh56_star.jpg
FHCEA1SPWH36,Enticer Art ES Decorative Ceiling Fan,3 949.00,7 210.00,Not Available,100%,900 mm (Pearl White Chrome),1 N,"Design : Decorative model | Air Delivery & RPM : 140 m³/min Air delivery, 430 Revolution per minute | Color : Pearl White Chrome | Guarantee : 2 Year | Star Rating : 1 Star | ",https://havells.com/media/catalog/product/cache/844a913d283fe95e56e39582c5f2767b/f/h/fhcea1spwh36_star.jpg
FHCML1SGLD48,Milor Decorative Ceiling Fan,3 619.00,5 770.00,Not Available,80%,1200 mm (Gold),1 N,Unique Design in Dust Resistant Premium metallic paint finish | Premium Canopy set with Down rod Cover | Unique design | Guarantee : 2 Year | ,https://havells.com/media/catalog/product/cache/844a913d283fe95e56e39582c5f2767b/m/i/milor_es_1_.jpg
FHCFE1SGMI48,Festiva ES Decorative Ceiling Fan,3 669.00,5 850.00,Not Available,100%,1200 mm (Gold Mist),1 N,"Design : Exotic rich looks with modern styling | Air Delivery & RPM : 230 m³/min Air Delivery, 390 Revolution per minute | Color : Gold Mist | Guarantee : 2 Year | Star Rating : 1 Star | ",https://havells.com/media/catalog/product/cache/844a913d283fe95e56e39582c5f2767b/f/h/fhcfe1sgmi48_star_1_2_main.jpg
FHCTR1SABR36,EP Trendy Special Finish Ceiling Fan,4 789.00,8 100.00,Not Available,100%,900 mm (Antique Brass),1 N,Electro-Phoretic lacquered surface for anti-rusting | Color : Antique Brass | Wider tip blades for effective Air circulation | Guarantee : 2 Year | ,https://havells.com/media/catalog/product/cache/844a913d283fe95e56e39582c5f2767b/f/h/fhctr1sabr36_star.jpg
FHCOR1SACU48,Orion ES Special Finish Ceiling Fan,6 269.00,10 000.00,Not Available,100%,1200 mm (Antique Copper),1 N,Finish : Electro-phoretic lacquered surface for anti-rusting | Performance : HPLV motor for superior air delivery even at low voltage of 180 V | Style and Finish : Wider tip blade for effective air circulation | Guarantee : 2 Year | Star Rating : 1 Star | ,https://havells.com/media/catalog/product/cache/844a913d283fe95e56e39582c5f2767b/f/h/fhcor1sacu48_star.jpg
FHCNI2SBCU48,Nicola ES Decorative Ceiling Fan,3 369.00,6 380.00,Not Available,80%,1200 mm (Bronze-Copper),1 N,Finish : Decorative fan with complementary trims on body and blades | Performance : Optimum performance even at low voltage | Style and Finish : Unique canopy design | Guarantee : 2 Year | Star Rating : 2 Star | ,https://havells.com/media/catalog/product/cache/844a913d283fe95e56e39582c5f2767b/f/h/fhcni2sbcu48_star.jpg
FHCAD2SPWT48,Andria ES Decorative Ceiling Fan,3 239.00,5 750.00,Not Available,100%,1200 mm (Pearl White),1 N,"Design : Exotic rich looks with modern styling | Air Delivery & RPM : 225 m³/min Air Delivery, 350 Revolution per minute | Color : Pearl White | Guarantee : 2 Year | Star Rating : 2 Star | ",https://havells.com/media/catalog/product/cache/844a913d283fe95e56e39582c5f2767b/f/h/fhcad2spwt48_star.jpg
FHCLG1SBGL48,Leganza 4B ES Decorative Ceiling Fan,3 629.00,6 260.00,Not Available,80%,1200 mm (Bronze-Gold),1 N,"Finish : Metallic paint finish | Performance : Superior air delivery | Style and Finish : 4 blade innovative design fan,Exotic blade trims and body ring | Guarantee : 2 Year | Star Rating : 1 Star | ",https://havells.com/media/catalog/product/cache/844a913d283fe95e56e39582c5f2767b/f/h/fhclg1sbgl48_star_1.jpg
FHCZE1SPWC48,Zester ES Decorative Ceiling Fan,3 549.00,6 200.00,Not Available,100%,1200 mm (Pearl White),1 N,Finish : Superior Paint Finish | Performance : HPLV motor for superior air delivery even at a low voltage of 180 V | Design and Finish : Decorative blade trims with 3D design Pattern | Guarantee : 2 Year | Star Rating : 1 Star | ,https://havells.com/media/catalog/product/cache/844a913d283fe95e56e39582c5f2767b/f/h/fhcze1spwc48_star.jpg
FHCFP1SECC48,Fusion Prime Decorative Ceiling Fan,3 450.00,5 620.00,Not Available,100%,1200 mm (Brown Cola Copper),1 N,Broad blades with elegant trims | Stylish canopies with unique downrod cover | Dust Resistant Lacquering | Guarantee : 2 Year | ,https://havells.com/media/catalog/product/cache/844a913d283fe95e56e39582c5f2767b/f/h/fhcfp1secc48_star.jpg
FHCFU2SPIV48,Fusion ES Decorative Ceiling Fan,3 679.00,5 880.00,Not Available,80%,1200 mm (Pearl Ivory-Gold),1 N,Finish : Metallic paint finish | Performance : Optimum performance even at low voltage | Style and Finish : Decorative fan with metallic ring and trims | Guarantee : 2 Year | Star Rating : 2 Star | ,https://havells.com/media/catalog/product/cache/844a913d283fe95e56e39582c5f2767b/f/h/fhcfu2spiv48_star.jpg
FHCSS1SPIV48,SS 390 ES Regular Ceiling Fan,2 969.00,5 250.00,Not Available,80%,1200 mm (Matt Pearl Ivory),1 N,Induction Motor | ISI Marked | 100 % Copper wire motor | 1 Star Rated | Guarantee : 2 Year | ,https://havells.com/media/catalog/product/cache/844a913d283fe95e56e39582c5f2767b/f/h/fhcss1spiv48_1_.jpg
FHCAM1SCHM48E,Ambrose ES Decorative Ceiling Fans,3 099.00,4 940.00,Not Available,80%,1200 mm (Chrome),1 N,Induction Motor | ISI Marked | 100 % Copper wire motor | 1 Star Rated | ,https://havells.com/media/catalog/product/cache/844a913d283fe95e56e39582c5f2767b/f/h/fhcam1schm48e_1.jpg
FHCCG5SPLC48,Crista Under Light Ceiling Fan,14 139.00,22 550.00,Not Available,60%,1200 mm (Pearl White),1 N,Low Noise | 100 % Copper Wire Winding Motor | BLDC Inverter Technology | Guarantee : 2 Year | Dust resistance Lacquering | IOT Enable | ,https://havells.com/media/catalog/product/cache/844a913d283fe95e56e39582c5f2767b/f/h/fhccg5splc48_remote.jpg
FHCTF1SPWT36,Stealth Air ES Premium Ceiling Fan 1 Star,8 229.00,13 120.00,Not Available,100%,900 mm (Pearl White),1 N,Induction Motor | ISI Marked | 100 % Copper wire motor | 1 Star Rated | Guarantee : 2 Year | ,https://havells.com/media/catalog/product/cache/844a913d283fe95e56e39582c5f2767b/m/a/main_2__2.jpg
FHCEN1SPWH56,Enticer ES Decorative Ceiling Fan,3 479.00,6 340.00,Not Available,80%,1400 mm (Pearl White Chrome),1 N,"Design : Decorative model | Air Delivery & RPM : 250 m³/min Air delivery, 290 Revolution per minute | Color : Pearl White Chrome | Guarantee : 2 Year | Star Rating : 1 Star | ",https://havells.com/media/catalog/product/cache/844a913d283fe95e56e39582c5f2767b/f/h/fhcen1spwh56_star.jpg
FHCEA1SPWH36,Enticer Art ES Decorative Ceiling Fan,3 949.00,7 210.00,Not Available,100%,900 mm (Pearl White Chrome),1 N,"Design : Decorative model | Air Delivery & RPM : 140 m³/min Air delivery, 430 Revolution per minute | Color : Pearl White Chrome | Guarantee : 2 Year | Star Rating : 1 Star | ",https://havells.com/media/catalog/product/cache/844a913d283fe95e56e39582c5f2767b/f/h/fhcea1spwh36_star.jpg
FHCML1SGLD48,Milor Decorative Ceiling Fan,3 619.00,5 770.00,Not Available,80%,1200 mm (Gold),1 N,Unique Design in Dust Resistant Premium metallic paint finish | Premium Canopy set with Down rod Cover | Unique design | Guarantee : 2 Year | ,https://havells.com/media/catalog/product/cache/844a913d283fe95e56e39582c5f2767b/m/i/milor_es_1_.jpg
FHCFE1SGMI48,Festiva ES Decorative Ceiling Fan,3 669.00,5 850.00,Not Available,100%,1200 mm (Gold Mist),1 N,"Design : Exotic rich looks with modern styling | Air Delivery & RPM : 230 m³/min Air Delivery, 390 Revolution per minute | Color : Gold Mist | Guarantee : 2 Year | Star Rating : 1 Star | ",https://havells.com/media/catalog/product/cache/844a913d283fe95e56e39582c5f2767b/f/h/fhcfe1sgmi48_star_1_2_main.jpg
FHCTR1SABR36,EP Trendy Special Finish Ceiling Fan,4 789.00,8 100.00,Not Available,100%,900 mm (Antique Brass),1 N,Electro-Phoretic lacquered surface for anti-rusting | Color : Antique Brass | Wider tip blades for effective Air circulation | Guarantee : 2 Year | ,https://havells.com/media/catalog/product/cache/844a913d283fe95e56e39582c5f2767b/f/h/fhctr1sabr36_star.jpg
FHCOR1SACU48,Orion ES Special Finish Ceiling Fan,6 269.00,10 000.00,Not Available,100%,1200 mm (Antique Copper),1 N,Finish : Electro-phoretic lacquered surface for anti-rusting | Performance : HPLV motor for superior air delivery even at low voltage of 180 V | Style and Finish : Wider tip blade for effective air circulation | Guarantee : 2 Year | Star Rating : 1 Star | ,https://havells.com/media/catalog/product/cache/844a913d283fe95e56e39582c5f2767b/f/h/fhcor1sacu48_star.jpg
FHCNI2SBCU48,Nicola ES Decorative Ceiling Fan,3 369.00,6 380.00,Not Available,80%,1200 mm (Bronze-Copper),1 N,Finish : Decorative fan with complementary trims on body and blades | Performance : Optimum performance even at low voltage | Style and Finish : Unique canopy design | Guarantee : 2 Year | Star Rating : 2 Star | ,https://havells.com/media/catalog/product/cache/844a913d283fe95e56e39582c5f2767b/f/h/fhcni2sbcu48_star.jpg
FHCAD2SPWT48,Andria ES Decorative Ceiling Fan,3 239.00,5 750.00,Not Available,100%,1200 mm (Pearl White),1 N,"Design : Exotic rich looks with modern styling | Air Delivery & RPM : 225 m³/min Air Delivery, 350 Revolution per minute | Color : Pearl White | Guarantee : 2 Year | Star Rating : 2 Star | ",https://havells.com/media/catalog/product/cache/844a913d283fe95e56e39582c5f2767b/f/h/fhcad2spwt48_star.jpg
FHCLG1SBGL48,Leganza 4B ES Decorative Ceiling Fan,3 629.00,6 260.00,Not Available,80%,1200 mm (Bronze-Gold),1 N,"Finish : Metallic paint finish | Performance : Superior air delivery | Style and Finish : 4 blade innovative design fan,Exotic blade trims and body ring | Guarantee : 2 Year | Star Rating : 1 Star | ",https://havells.com/media/catalog/product/cache/844a913d283fe95e56e39582c5f2767b/f/h/fhclg1sbgl48_star_1.jpg
FHCZE1SPWC48,Zester ES Decorative Ceiling Fan,3 549.00,6 200.00,Not Available,100%,1200 mm (Pearl White),1 N,Finish : Superior Paint Finish | Performance : HPLV motor for superior air delivery even at a low voltage of 180 V | Design and Finish : Decorative blade trims with 3D design Pattern | Guarantee : 2 Year | Star Rating : 1 Star | ,https://havells.com/media/catalog/product/cache/844a913d283fe95e56e39582c5f2767b/f/h/fhcze1spwc48_star.jpg
FHCFP1SECC48,Fusion Prime Decorative Ceiling Fan,3 450.00,5 620.00,Not Available,100%,1200 mm (Brown Cola Copper),1 N,Broad blades with elegant trims | Stylish canopies with unique downrod cover | Dust Resistant Lacquering | Guarantee : 2 Year | ,https://havells.com/media/catalog/product/cache/844a913d283fe95e56e39582c5f2767b/f/h/fhcfp1secc48_star.jpg
FHCFU2SPIV48,Fusion ES Decorative Ceiling Fan,3 679.00,5 880.00,Not Available,80%,1200 mm (Pearl Ivory-Gold),1 N,Finish : Metallic paint finish | Performance : Optimum performance even at low voltage | Style and Finish : Decorative fan with metallic ring and trims | Guarantee : 2 Year | Star Rating : 2 Star | ,https://havells.com/media/catalog/product/cache/844a913d283fe95e56e39582c5f2767b/f/h/fhcfu2spiv48_star.jpg
FHCSS1SPIV48,SS 390 ES Regular Ceiling Fan,2 969.00,5 250.00,Not Available,80%,1200 mm (Matt Pearl Ivory),1 N,Induction Motor | ISI Marked | 100 % Copper wire motor | 1 Star Rated | Guarantee : 2 Year | ,https://havells.com/media/catalog/product/cache/844a913d283fe95e56e39582c5f2767b/f/h/fhcss1spiv48_1_.jpg
FHCSV1SBRN48,Samraat ES Regular Ceiling Fan,2 469.00,4 120.00,Not Available,100%,1200 mm (Brown),1 N,"Air Delivery & RPM : 230 m³/min Air Delivery, 390 Revolution per minute | Color : Brown | Wattage : 55 W | Guarantee : 2 Year | Star Rating : 1 Star | ",https://havells.com/media/catalog/product/cache/844a913d283fe95e56e39582c5f2767b/f/h/fhcsv1sbrn48_star.jpg
FHCRM1SBRN48,Artemis Decorative Ceiling Fan,3 709.00,5 910.00,Not Available,80%,1200 mm (Brown),1 N,Sweep size : 1200 mm | Color : Brown | Guarantee : 2 Year | ,https://havells.com/media/catalog/product/cache/844a913d283fe95e56e39582c5f2767b/m/a/main_images_7__1.jpg
FHCAM1SPBR48E,Ambrose Decorative Ceiling Fan,3 099.00,4 940.00,Not Available,100%,1200 mm (Brown),1 N,Sweep size : 1200 mm | Color : Brown | Guarantee : 2 Year | ,https://havells.com/media/catalog/product/cache/844a913d283fe95e56e39582c5f2767b/f/h/fhcam1spbr48e_1.jpg
FHCXE1SMBL48,Xpress Air Regular Ceiling Fan,2 149.00,3 430.00,Not Available,100%,1200 mm (Matt Black),1 N,Induction Motor | ISI Marked | 100 % Copper wire motor | 1 Star Rated | ,https://havells.com/media/catalog/product/cache/844a913d283fe95e56e39582c5f2767b/f/h/fhcxe1smbl48_1.jpg
FHCBG1SWPH48,Stealth Neo Special Finish Ceiling Fan,7 599.00,12 370.00,Not Available,80%,1200 mm (Walnut Mist),1 N,Induction Motor | ISI Marked | 100 % Copper wire motor | 1 Star Rated | ,https://havells.com/media/catalog/product/cache/844a913d283fe95e56e39582c5f2767b/f/h/fhcbg1swph48_1_1.jpg
FHCSRHSWHT36,Speedster HS Regular Ceiling Fan,2 519.00,4 010.00,Not Available,80%,900 mm (White),1 N,Induction Motor | ISI Marked | 100 % Copper wire motor | 1 Star Rated | ,https://havells.com/media/catalog/product/cache/844a913d283fe95e56e39582c5f2767b/f/h/fhcsrhswht36_1.jpg
FHCOU1SBSN52,Octet ES Underlight Special Finish Ceiling Fan,16 139.00,25 740.00,Not Available,100%,1320 mm (Brushed Nickel),1 N,Induction Motor | ISI Marked | 100 % Copper wire motor | 1 Star Rated | ,https://havells.com/media/catalog/product/cache/844a913d283fe95e56e39582c5f2767b/f/h/fhcou1sbsn52_2.jpg
FHCOU1SAWW52,Octet ES Special Finish Ceiling Fan,16 139.00,25 740.00,Not Available,100%,1320 mm (Walnut Black Nickel),1 N,Induction Motor | ISI Marked | 100 % Copper wire motor | 1 Star Rated | ,https://havells.com/media/catalog/product/cache/844a913d283fe95e56e39582c5f2767b/f/h/fhcou1saww52.jpg
FHCXT1SGRY48,Exter Decorative Ceiling Fan,2 619.00,4 270.00,Not Available,60%,1200 mm (Grey),1 N,Induction Motor | ISI Marked | 100 % Copper wire motor | 1 Star Rated | ,https://havells.com/media/catalog/product/cache/844a913d283fe95e56e39582c5f2767b/f/h/fhcxt1sgry48.jpg
FHCVD1SMCW48,Eva Decorative Ceiling Fan,3 959.00,6 320.00,Not Available,60%,1200 mm (Metallic Cream Wicker),1 N,Induction Motor | ISI Marked | 100 % Copper wire motor | 1 Star Rated | ,https://havells.com/media/catalog/product/cache/844a913d283fe95e56e39582c5f2767b/f/h/fhcvd1smcw48.jpg
FHCTR1SACU24,EP Trendy ES Special Finish Ceiling Fan,4 729.00,7 640.00,Not Available,100%,600 mm (Antique Copper),1 N,Induction Motor | ISI Marked | 100 % Copper wire motor | 1 Star Rated | ,https://havells.com/media/catalog/product/cache/844a913d283fe95e56e39582c5f2767b/f/h/fhctr1sacu24_1.jpg
FHCEN1SPWH48,Enticer Decorative Ceiling Fan,3 369.00,6 140.00,Not Available,60%,1200 mm (Pearl White Chrome),1 N,Induction Motor | ISI Marked | 100 % Copper wire motor | 1 Star Rated | ,https://havells.com/media/catalog/product/cache/844a913d283fe95e56e39582c5f2767b/f/h/fhcen1spwh48.jpg
FHCBH5SPWT48P,Stealth Air BLDC+ Ceiling Fan,7 609.00,12 130.00,Not Available,95%,1200 mm (Pearl White),1 N,"The most silent BLDC fan with Premium Look and Finish with only 52 dB* whisper quiet Silence level and 245 m³/min Air Delivery | 5-Star Rated BLDC fan delivering powerful airflow, uses 50 % less electricity than conventional fans, saves up to ‚¹ 1900* annually. | Regulator Compatible with maximum Energy Saving via BLDC motor technology | 40 W Power Consumption in peak speed | Downrod cover | ABS Plastic blades | Superior Air Delivery of 245 m³/min | Stealth AIR BLDC+ with Regulator Compatibility | ",https://havells.com/media/catalog/product/cache/844a913d283fe95e56e39582c5f2767b/s/t/stealth_air_bldc_ceiling_fan.jpg
FHCDD1SWHT48,Drove Decorative Ceiling Fan,3 109.00,4 960.00,Not Available,100%,1200 mm (White),1 N,Induction Motor | ISI Marked | 100 % Copper wire motor | 1 Star Rated | ,https://havells.com/media/catalog/product/cache/844a913d283fe95e56e39582c5f2767b/f/h/fhcdd1swht48.jpg
FHCUF1SBAN48,Florence Under Light Ceiling Fan,11 399.00,19 120.00,Not Available,95%,1200 mm (White Nickel),1 N,100 % Copper Wire Winding Motor | Color : White Nickel | Premium Antique Looks with 4 lamp shades | Guarantee : 2 Year | All weather fan with dual side rotation | Contemporary wood finish to match home decor | ,https://havells.com/media/catalog/product/cache/844a913d283fe95e56e39582c5f2767b/f/h/fhcuf1sban48_star.jpg
FHCES5SWHT48,ES 50 Regular Ceiling Fan,2 569.00,4 680.00,Not Available,80%,1200 mm (White),1 N,Induction Motor | ISI Marked | 100 % Copper wire motor | 2 Star Rated | Guarantee : 2 Year | ,https://havells.com/media/catalog/product/cache/844a913d283fe95e56e39582c5f2767b/f/h/fhces5swht48_1__1.jpg
FHCSV1SBRN48,Samraat ES Regular Ceiling Fan,2 469.00,4 120.00,Not Available,100%,1200 mm (Brown),1 N,"Air Delivery & RPM : 230 m³/min Air Delivery, 390 Revolution per minute | Color : Brown | Wattage : 55 W | Guarantee : 2 Year | Star Rating : 1 Star | ",https://havells.com/media/catalog/product/cache/844a913d283fe95e56e39582c5f2767b/f/h/fhcsv1sbrn48_star.jpg
FHCRM1SBRN48,Artemis Decorative Ceiling Fan,3 709.00,5 910.00,Not Available,80%,1200 mm (Brown),1 N,Sweep size : 1200 mm | Color : Brown | Guarantee : 2 Year | ,https://havells.com/media/catalog/product/cache/844a913d283fe95e56e39582c5f2767b/m/a/main_images_7__1.jpg
FHCAM1SPBR48E,Ambrose Decorative Ceiling Fan,3 099.00,4 940.00,Not Available,100%,1200 mm (Brown),1 N,Sweep size : 1200 mm | Color : Brown | Guarantee : 2 Year | ,https://havells.com/media/catalog/product/cache/844a913d283fe95e56e39582c5f2767b/f/h/fhcam1spbr48e_1.jpg
FHCXE1SMBL48,Xpress Air Regular Ceiling Fan,2 149.00,3 430.00,Not Available,100%,1200 mm (Matt Black),1 N,Induction Motor | ISI Marked | 100 % Copper wire motor | 1 Star Rated | ,https://havells.com/media/catalog/product/cache/844a913d283fe95e56e39582c5f2767b/f/h/fhcxe1smbl48_1.jpg
FHCBG1SWPH48,Stealth Neo Special Finish Ceiling Fan,7 599.00,12 370.00,Not Available,80%,1200 mm (Walnut Mist),1 N,Induction Motor | ISI Marked | 100 % Copper wire motor | 1 Star Rated | ,https://havells.com/media/catalog/product/cache/844a913d283fe95e56e39582c5f2767b/f/h/fhcbg1swph48_1_1.jpg
FHCSRHSWHT36,Speedster HS Regular Ceiling Fan,2 519.00,4 010.00,Not Available,80%,900 mm (White),1 N,Induction Motor | ISI Marked | 100 % Copper wire motor | 1 Star Rated | ,https://havells.com/media/catalog/product/cache/844a913d283fe95e56e39582c5f2767b/f/h/fhcsrhswht36_1.jpg
FHCXT1SGRY48,Exter Decorative Ceiling Fan,2 619.00,4 270.00,Not Available,60%,1200 mm (Grey),1 N,Induction Motor | ISI Marked | 100 % Copper wire motor | 1 Star Rated | ,https://havells.com/media/catalog/product/cache/844a913d283fe95e56e39582c5f2767b/f/h/fhcxt1sgry48.jpg
FHCVD1SMCW48,Eva Decorative Ceiling Fan,3 959.00,6 320.00,Not Available,60%,1200 mm (Metallic Cream Wicker),1 N,Induction Motor | ISI Marked | 100 % Copper wire motor | 1 Star Rated | ,https://havells.com/media/catalog/product/cache/844a913d283fe95e56e39582c5f2767b/f/h/fhcvd1smcw48.jpg
FHCTR1SACU24,EP Trendy ES Special Finish Ceiling Fan,4 729.00,7 640.00,Not Available,100%,600 mm (Antique Copper),1 N,Induction Motor | ISI Marked | 100 % Copper wire motor | 1 Star Rated | ,https://havells.com/media/catalog/product/cache/844a913d283fe95e56e39582c5f2767b/f/h/fhctr1sacu24_1.jpg
FHCEN1SPWH48,Enticer Decorative Ceiling Fan,3 369.00,6 140.00,Not Available,60%,1200 mm (Pearl White Chrome),1 N,Induction Motor | ISI Marked | 100 % Copper wire motor | 1 Star Rated | ,https://havells.com/media/catalog/product/cache/844a913d283fe95e56e39582c5f2767b/f/h/fhcen1spwh48.jpg
FHCDD1SWHT48,Drove Decorative Ceiling Fan,3 109.00,4 960.00,Not Available,100%,1200 mm (White),1 N,Induction Motor | ISI Marked | 100 % Copper wire motor | 1 Star Rated | ,https://havells.com/media/catalog/product/cache/844a913d283fe95e56e39582c5f2767b/f/h/fhcdd1swht48.jpg
FHCSV1SSBW48,Samraat Regular Ceiling Fan,2 469.00,4 120.00,Not Available,95%,1200 mm (Smoke Brown),1 N,Color : Smoke Brown | Guarantee : 2 Year | ,https://havells.com/media/catalog/product/cache/844a913d283fe95e56e39582c5f2767b/f/h/fhcsv1ssbw48_1.jpg
FRCXB5SMBL48,Energex BLDC Ceiling Fan,2 800.00,4 410.00,Not Available,95%,1200 mm (Matt Black),1 N,5 Star Rating | Low Power Consumption : 33 W | High Air Delivery : 220 m³/min | Speed : 350 Revolution per minute | BLDC Motor | 360° RF Remote for all Direction Sensing | Sleek and Milimistic Design | Wider Blade for Wide Air Spread | Rust Proof Fan | Aluminium Body and Blade for Longevity | ,https://havells.com/media/catalog/product/cache/844a913d283fe95e56e39582c5f2767b/r/e/reo_energex_fan-_matte_black_remot.jpg
FRCVYE1BRN48,Reo Vaayu Ceiling Fan,1 650.00,2 520.00,Not Available,100%,1200 mm (Brown),1 N,High Speed | Low Power Consumption : 48 W | High Air Delivery : 220 m³/min | Strong & Powerful motor | Look: Simple and elegant design | Star Rating: 1 Star | Wider Blade for Wide Air Spread | Long Life and Durable | ,https://havells.com/media/catalog/product/cache/844a913d283fe95e56e39582c5f2767b/f/r/frcvye1brn48_main_1.jpg
FRCTJE1BRN36,Reo Tejas ES Ceiling Fan,1 910.00,3 030.00,Not Available,80%,900 mm (Brown),1 N,High Speed | Low Power Consumption : 39 W | High Air Delivery : 140 m³/min | Strong & Powerful Copper motor | ,https://havells.com/media/catalog/product/cache/844a913d283fe95e56e39582c5f2767b/f/r/frctje1brn36_main.jpg
FRCUTE1BRN36,Reo Utsav ES Ceiling Fan,1 790.00,2 810.00,Not Available,95%,900 mm (Brown),1 N,High Speed | Low Power Consumption : 39 W | High Air Delivery : 140 m³/min | Strong & Powerful Copper motor | Look: Simple and elegant design | Star Rating : 1 Star | ,https://havells.com/media/catalog/product/cache/844a913d283fe95e56e39582c5f2767b/f/r/frcute1brn36_main_1.jpg
FRCUTE1BRN24,Reo Utsav ES Ceiling Fan,1 740.00,2 730.00,Not Available,95%,600 mm (Brown),1 N,High Speed | Low Power Consumption : 57 W | High Air Delivery 112 m³/min | Sweep Size : 600 mm | Look: Simple and elegant design | ,https://havells.com/media/catalog/product/cache/844a913d283fe95e56e39582c5f2767b/f/r/frcute1brn24_main.jpg
